{
	"nugget1": {
		"type": "grid",
		"title": "Bankers",
		"dataSource": "bankers",
		"columns": [{
			"text": "Banker Name",
			"value": "fullName",
			"width": "20%"		
		},{
			"text": "Banker GPN",
			"value": "gpn",
			"width": "20%"
		},{
			"text": "Bio",
			"value": "bio"
		}]
	},
	
	"nugget2": {
		"type": "container",
		"title": "Client Information",
		"children": [{
			"type": "field",
			"label": "Company Name",
			"value": "clientInfo.companyName"
		}, {
			"type": "field",
			"label": "Parent Company",
			"value": "clientInfo.parentCompany"
		}]
	}
}